Project,Build_Stage,Planned_Start,Planned_End,Actual_Start,Actual_End,Exit_Criteria,PM_Note
ORION-2U,EVT,2026-06-01,2026-07-10,2026-06-01,2026-07-10,0 open Critical issues; test pass rate >= 85%,
ORION-2U,DVT,2026-07-11,2026-08-20,2026-07-11,2026-08-31,0 open Critical issues; test pass rate >= 92%,Exit approved by PM head
ORION-2U,PVT,2026-08-21,2026-10-09,2026-09-01,,0 open Critical issues; test pass rate >= 97%,
VEGA-1U,EVT,2026-06-15,2026-07-31,2026-06-15,2026-07-31,0 open Critical issues; test pass rate >= 85%,
VEGA-1U,DVT,2026-08-01,2026-09-15,2026-08-01,,0 open Critical issues; test pass rate >= 92%,Exit review postponed
VEGA-1U,PVT,2026-09-16,2026-10-30,,,0 open Critical issues; test pass rate >= 97%,
LYRA-4U,EVT,2026-07-01,2026-08-25,2026-07-01,2026-09-10,0 open Critical issues; test pass rate >= 85%,Exited on waiver; GPU thermal issue carried into DVT
LYRA-4U,DVT,2026-08-26,2026-10-15,2026-09-11,,0 open Critical issues; test pass rate >= 92%,
LYRA-4U,PVT,2026-10-16,2026-11-30,,,0 open Critical issues; test pass rate >= 97%,
