Run_ID,Max_CPU_Temp_C,Max_GPU_Temp_C,Avg_Fan_Duty_pct,CPU_Throttle,GPU_Throttle
R00004,74.9,,82.5,N,
R00008,68.5,,68.4,N,
R00009,70.6,,89.1,N,
R00029,78.4,,83.4,N,
R00030,81.2,,86.1,N,
R00032,68.3,,66.9,N,
R00039,77.2,,82.1,N,
R00043,71.8,,77.7,N,
R00053,66.9,,69.2,N,
R00060,75.2,,76.3,N,
R00062,85.5,,87.7,N,
R00080,81.3,,86.6,N,
R00086,75.3,,84.4,N,
R00090,70.2,,72.4,N,
R00091,72.3,,70.7,N,
R00094,72.3,,81.3,N,
R00096,71.7,,85.6,N,
R00100,60.4,,70.2,N,
R00103,67.2,,76.2,N,
R00105,75.9,,81.0,N,
R00107,57.2,,57.7,N,
R00117,65.1,,72.1,N,
R00125,74.1,,74.0,N,
R00132,64.8,,72.1,N,
R00134,76.7,,86.1,N,
R00136,78.3,,81.9,N,
R00170,70.9,,55.7,N,
R00173,63.5,,57.1,N,
R00192,63.8,,80.7,N,
R00198,78.1,,88.6,N,
R00201,73.0,,85.2,N,
R00207,70.7,,72.0,N,
R00212,71.1,,75.0,N,
R00232,67.9,,79.3,N,
R00261,69.6,,75.0,N,
R00271,77.6,,82.1,N,
R00274,67.5,,65.6,N,
R00280,78.7,,79.2,N,
R00309,65.7,,72.6,N,
R00333,79.6,,65.9,N,
R00334,60.0,,65.4,N,
R00336,72.3,,82.3,N,
R00338,65.5,,71.2,N,
R00354,75.9,,85.0,N,
R00366,64.3,,74.3,N,
R00368,82.4,,86.0,N,
R00372,68.0,,65.8,N,
R00376,63.9,,63.1,N,
R00378,64.6,,74.5,N,
R00380,66.1,,65.5,N,
R00381,61.6,,70.1,N,
R00382,71.2,,63.3,N,
R00384,63.4,,72.7,N,
R00395,76.8,,77.0,N,
R00396,72.5,,64.7,N,
R00403,80.4,,88.4,N,
R00404,73.2,,86.7,N,
R00411,72.4,,70.2,N,
R00422,63.6,,56.3,N,
R00430,72.0,,67.3,N,
R00433,80.2,,71.5,N,
R00438,79.4,,87.2,N,
R00443,66.8,,74.7,N,
R00451,63.7,,74.0,N,
R00452,66.9,,58.5,N,
R00459,73.4,,85.6,N,
R00460,77.5,,82.1,N,
R00461,63.6,,64.0,N,
R00475,62.2,,66.5,N,
R00479,60.3,,60.1,N,
R00487,73.2,,72.6,N,
R00521,81.9,,78.6,N,
R00534,76.4,77.8,73.2,N,N
R00536,72.4,86.7,72.2,N,N
R00547,71.3,,73.0,N,
R00557,75.2,,72.6,N,
R00565,81.6,85.7,85.2,N,N
R00572,72.6,,72.8,N,
R00578,82.1,,83.6,N,
R00599,74.5,,88.8,N,
R00604,68.9,,64.1,N,
R00633,69.2,69.7,67.6,N,N
R00645,57.4,,55.8,N,
R00647,63.9,,59.3,N,
R00662,78.2,87.2,86.5,N,Y
R00663,72.0,89.5,81.8,N,Y
R00666,72.1,,78.8,N,
R00667,61.9,,74.7,N,
R00672,79.4,,80.6,N,
R00684,67.9,87.9,74.4,N,Y
R00686,74.3,83.2,84.1,N,N
R00706,79.2,,80.4,N,
R00709,75.0,77.1,82.0,N,N
R00715,76.1,88.9,71.3,N,Y
R00726,69.6,,78.8,N,
R00728,65.6,,74.1,N,
R00730,73.7,,82.1,N,
R00740,59.0,70.0,69.5,N,N
R00741,75.0,82.2,69.3,N,N
R00742,63.5,72.2,68.8,N,N
R00743,78.9,87.6,74.7,N,Y
R00760,57.2,,71.5,N,
R00772,73.2,,89.9,N,
R00783,81.0,84.4,88.6,N,N
R00793,72.5,,76.0,N,
R00797,66.0,71.5,64.1,N,N
R00799,70.1,89.0,74.1,N,Y
R00806,83.0,,74.2,N,
R00807,68.4,,56.8,N,
R00808,70.9,,67.1,N,
R00814,63.1,,62.4,N,
R00815,67.9,,65.9,N,
R00819,74.0,78.9,79.2,N,N
R00824,74.8,,69.1,N,
R00830,64.1,,69.3,N,
R00837,67.7,,66.2,N,
R00839,79.1,,74.9,N,
R00848,66.1,68.5,57.0,N,N
R00852,69.6,,72.9,N,
R00857,75.9,,72.7,N,
R00858,83.7,,80.9,N,
R00868,63.2,,66.5,N,
R00873,73.8,77.3,68.9,N,N
R00875,77.7,88.1,70.9,N,Y
R00888,63.6,,73.5,N,
R00894,60.6,71.3,64.2,N,N
R00896,68.0,71.8,64.0,N,N
R00905,62.8,72.0,68.8,N,N
R00908,72.4,,75.9,N,
R00910,84.0,,29.5,N,
R00913,72.0,,80.2,N,
R00914,77.1,,88.0,N,
R00921,76.7,,75.3,N,
R00928,72.6,,70.2,N,
R00945,102.1,,28.2,Y,
R00948,78.7,,85.8,N,
R00950,67.0,,69.6,N,
R00951,81.3,,77.0,N,
R00954,85.6,,33.1,N,
R00955,77.3,,66.2,N,
R00963,77.7,,86.1,N,
R00967,68.4,74.3,73.0,N,N
R00968,79.7,85.1,81.5,N,N
R00971,62.4,,57.2,N,
R00975,86.1,,31.3,N,
R00992,87.7,95.6,31.6,N,Y
R01004,91.0,,28.9,N,
R01014,81.6,,80.6,N,
R01016,67.9,,67.2,N,
R01020,80.2,,70.4,N,
R01025,69.1,,64.7,N,
R01027,70.3,,85.5,N,
R01028,101.0,,29.8,Y,
R01031,76.3,,67.8,N,
R01032,66.3,,73.8,N,
R01037,61.8,,57.6,N,
R01051,75.3,,78.2,N,
R01053,90.8,,31.9,N,
R01060,80.8,,73.6,N,
R01067,95.4,,31.4,Y,
R01083,78.5,,75.0,N,
R01086,77.0,,82.4,N,
R01087,64.2,,72.5,N,
R01089,67.4,,77.5,N,
R01104,68.3,72.5,69.7,N,N
R01106,100.4,,33.7,Y,
R01114,69.5,,76.8,N,
R01117,73.4,,70.5,N,
R01125,80.1,89.8,81.0,N,Y
R01126,70.5,80.6,80.3,N,N
R01133,79.0,88.7,86.0,N,Y
R01136,63.0,,73.6,N,
R01138,64.2,,79.9,N,
R01147,70.5,,81.0,N,
R01148,67.8,,63.4,N,
R01153,75.6,88.1,73.2,N,Y
R01157,63.1,,80.2,N,
R01158,70.1,,81.8,N,
R01159,70.7,,58.6,N,
R01163,62.4,,69.6,N,
R01165,70.0,,72.9,N,
R01171,66.6,66.9,57.3,N,N
R01179,72.7,,72.5,N,
R01189,68.0,,73.0,N,
R01190,65.6,,67.3,N,
R01192,65.5,89.9,79.7,N,Y
R01194,69.2,89.4,87.1,N,Y
R01199,63.9,,59.0,N,
R01201,64.8,,66.6,N,
R01213,81.4,,70.0,N,
R01220,80.9,,80.0,N,
R01221,73.1,,82.2,N,
R01225,66.9,87.6,78.9,N,Y
R01228,89.0,99.1,28.9,N,Y
R01230,73.1,78.0,68.6,N,N
R01232,81.6,85.7,32.7,N,N
R01237,70.2,,72.9,N,
R01241,75.9,,82.2,N,
R01250,64.7,68.2,73.5,N,N
R01255,81.6,89.3,85.0,N,Y
R01256,68.2,67.7,68.4,N,N
R01261,59.3,,67.6,N,
R01264,71.9,,62.6,N,
R01266,70.6,,66.3,N,
R01280,63.4,70.8,55.6,N,N
R01291,73.8,,67.5,N,
R01299,93.8,,28.0,N,
R01303,65.5,,68.7,N,
R01310,68.8,,65.5,N,
R01321,70.1,88.6,69.2,N,Y
R01322,74.9,78.3,79.2,N,N
R01325,71.6,88.0,73.9,N,Y
R01326,66.6,71.5,59.1,N,N
R01333,64.0,,73.2,N,
R01337,77.6,,30.7,N,
R01340,87.0,,28.4,N,
R01341,65.8,,74.7,N,
R01345,61.6,,60.6,N,
R01346,68.5,,73.1,N,
R01348,66.1,,79.2,N,
R01355,66.6,,72.1,N,
R01361,78.7,,82.4,N,
R01375,75.0,83.2,78.1,N,N
R01407,71.4,83.6,89.1,N,N
R01418,77.6,,86.4,N,
R01420,67.9,,75.4,N,
R01433,73.0,,76.6,N,
R01442,65.4,,67.1,N,
R01452,58.9,,70.3,N,
R01462,76.1,,70.0,N,
R01466,72.9,89.4,79.6,N,Y
R01480,72.9,,65.7,N,
R01501,72.4,89.6,77.1,N,Y
R01503,62.3,69.9,59.4,N,N
R01509,84.2,88.5,85.9,N,Y
R01519,70.7,,68.3,N,
R01523,81.1,,79.4,N,
R01525,59.4,,64.8,N,
R01536,63.8,,80.2,N,
R01541,71.5,79.2,74.1,N,N
R01563,95.5,,28.4,Y,
R01565,73.2,,70.3,N,
R01567,73.1,88.2,70.1,N,Y
R01574,73.1,88.7,70.6,N,Y
R01577,70.4,,55.3,N,
R01581,72.8,,81.1,N,
R01582,92.7,,30.4,N,
R01583,69.5,,60.7,N,
R01590,77.6,,86.5,N,
R01609,70.0,,72.3,N,
R01619,83.1,,31.9,N,
R01632,65.2,,55.8,N,
R01633,72.8,,82.6,N,
R01635,80.1,,73.1,N,
R01636,69.0,,65.9,N,
R01637,97.6,,28.5,Y,
R01644,74.6,88.3,70.8,N,Y
R01645,78.3,81.7,87.3,N,N
R01647,72.5,,65.1,N,
R01653,94.7,,33.4,N,
R01665,80.3,,33.9,N,
R01670,69.5,,72.9,N,
R01677,65.7,,57.3,N,
R01678,60.4,,71.5,N,
R01692,89.0,,29.0,N,
R01695,73.8,,84.7,N,
R01697,75.1,,29.2,N,
R01711,96.3,103.6,29.9,Y,Y
R01726,72.8,,79.2,N,
R01732,72.4,,74.4,N,
R01735,66.6,75.2,69.0,N,N
R01742,68.0,76.3,81.3,N,N
R01746,69.5,79.5,71.8,N,N
R01749,74.0,,62.9,N,
R01758,88.7,,30.8,N,
R01762,60.4,69.3,68.0,N,N
R01769,69.8,78.2,63.6,N,N
R01778,71.0,,78.5,N,
R01780,61.3,,64.8,N,
R01781,61.8,,70.3,N,
R01783,72.5,87.6,79.0,N,Y
R01794,81.2,,79.8,N,
R01795,98.8,,33.4,Y,
R01796,84.5,,78.1,N,
R01798,80.3,,88.0,N,
R01800,70.8,,71.0,N,
R01811,81.3,,86.3,N,
R01817,86.9,,33.4,N,
R01830,66.8,,67.9,N,
R01832,66.0,,75.0,N,
R01840,66.1,,64.6,N,
R01849,85.1,,86.0,N,
R01852,73.8,,71.3,N,
R01859,79.7,,73.3,N,
R01872,77.1,,63.8,N,
R01884,90.6,,31.7,N,
R01896,73.9,,68.0,N,
R01909,61.6,,60.8,N,
R01918,63.6,,56.0,N,
R01921,73.5,88.2,81.6,N,Y
R01934,66.7,68.2,55.0,N,N
R01944,68.2,,72.1,N,
R01946,65.4,,71.8,N,
R01951,69.5,,74.0,N,
R01957,65.1,,56.0,N,
R01962,72.0,88.1,84.0,N,Y
R01964,79.3,,84.5,N,
R01978,67.5,,60.5,N,
R01980,69.1,,71.8,N,
R01981,68.2,,67.7,N,
R01984,71.8,,75.2,N,
R01985,75.7,87.5,73.2,N,Y
R01986,73.8,85.7,72.7,N,N
R01987,69.9,72.1,59.4,N,N
R01990,75.9,81.2,76.7,N,N
R02000,74.0,,72.0,N,
R02025,74.9,,66.7,N,
R02028,73.6,,79.5,N,
R02029,81.1,,85.5,N,
R02032,64.9,,64.6,N,
R02033,61.0,,55.6,N,
R02034,69.7,,64.6,N,
R02036,83.8,,83.5,N,
R02046,74.6,,71.7,N,
R02052,64.4,68.1,60.5,N,N
R02054,66.2,77.0,78.0,N,N
R02056,70.2,77.2,66.8,N,N
R02062,74.5,,70.8,N,
R02081,64.6,70.3,63.3,N,N
R02094,64.7,,68.4,N,
R02100,78.4,,83.2,N,
R02105,64.5,,60.0,N,
R02115,75.5,,77.0,N,
R02118,74.6,83.3,78.6,N,N
R02126,70.1,,64.6,N,
R02127,77.1,,85.1,N,
R02135,76.2,,73.6,N,
R02138,60.1,69.1,63.9,N,N
R02151,67.2,,72.3,N,
R02152,73.2,87.9,81.4,N,Y
R02154,83.8,84.8,70.5,N,N
R02158,76.5,,85.8,N,
R02172,66.0,,64.2,N,
R02181,67.0,73.6,74.7,N,N
R02188,69.3,,68.5,N,
R02189,71.5,,73.5,N,
R02196,69.3,73.7,65.3,N,N
R02202,67.6,80.3,65.4,N,N
R02206,73.7,88.1,82.4,N,Y
R02208,73.8,,67.3,N,
R02209,58.3,,57.4,N,
R02211,80.6,,74.3,N,
R02215,66.6,,79.8,N,
R02254,80.9,90.0,84.2,N,Y
R02261,74.5,,64.6,N,
R02275,66.4,,63.1,N,
R02286,77.9,,70.8,N,
R02299,61.9,71.0,65.8,N,N
R02300,67.5,,55.2,N,
R02311,67.2,77.9,76.8,N,N
R02325,78.6,,88.0,N,
R02328,81.1,,85.3,N,
R02336,72.1,,73.5,N,
R02344,66.7,,83.9,N,
R02346,66.1,77.6,73.2,N,N
R02352,74.3,89.5,86.0,N,Y
R02353,63.3,70.1,67.0,N,N
R02354,59.6,70.9,69.5,N,N
R02355,79.9,88.4,74.5,N,Y
R02356,78.6,,72.3,N,
R02363,65.8,,68.8,N,
R02374,69.5,,62.7,N,
R02388,66.6,79.0,82.1,N,N
R02405,68.6,,64.7,N,
R02406,71.5,,66.3,N,
R02428,64.1,69.3,58.1,N,N
R02432,74.3,,81.4,N,
R02434,75.8,,79.1,N,
R02443,70.9,,70.3,N,
R02445,74.3,,63.1,N,
R02454,66.8,,58.5,N,
R02470,73.2,,75.3,N,
R02475,71.3,,78.7,N,
R02480,67.0,,64.8,N,
R02497,73.7,,90.0,N,
R02507,62.6,,78.5,N,
R02539,67.0,,56.2,N,
R02544,63.1,,59.0,N,
R02548,76.5,86.0,75.1,N,N
R02555,66.1,,55.7,N,
R02556,67.3,,80.6,N,
R02560,69.9,,56.9,N,
R02561,70.1,,83.7,N,
R02564,61.5,,67.0,N,
R02582,75.3,80.7,64.1,N,N
R02584,67.4,89.0,76.1,N,Y
R02615,77.8,,72.9,N,
R02621,80.0,88.3,77.2,N,Y
R02626,68.1,87.6,71.9,N,Y
R02629,68.8,72.8,74.1,N,N
R02631,69.6,,65.4,N,
R02660,75.8,88.1,70.0,N,Y
R02665,67.3,71.1,67.6,N,N
R02674,62.3,,61.3,N,
R02681,66.2,,60.8,N,
R02688,64.5,78.5,68.2,N,N
R02706,68.2,78.4,65.6,N,N
R02707,77.5,77.4,65.1,N,N
R02709,61.8,74.8,58.2,N,N
R02713,59.4,,70.3,N,
R02717,73.0,,60.8,N,
R02737,75.9,,74.4,N,
R02739,67.0,,62.6,N,
R02750,72.2,70.7,55.4,N,N
R02751,65.9,72.8,68.2,N,N
R02760,74.0,,69.1,N,
R02769,74.9,,71.5,N,
R02770,71.2,,77.4,N,
R02772,81.9,,72.6,N,
R02781,81.2,75.0,63.9,N,N
R02785,83.1,89.4,79.8,N,Y
R02792,67.2,,66.7,N,
R02794,70.9,,77.0,N,
R02796,83.8,,88.5,N,
R02806,66.7,88.9,76.8,N,Y
R02812,64.4,72.0,66.6,N,N
R02824,80.1,,86.3,N,
R02847,67.9,70.9,59.5,N,N
R02849,82.9,85.1,81.3,N,N
R02850,65.7,68.8,61.2,N,N
R02858,66.7,,55.5,N,
R02868,74.0,,80.6,N,
R02878,74.6,89.4,83.6,N,Y
R02884,76.7,81.4,74.8,N,N
